link_id,from_node,to_node,length_km,max_speed_kmh,free_flow_time_min,capacity_veh_h,flow_veh_h,v_c_ratio,travel_time_min,additional_delay_min
1,A,B,10.0,30.0,20.0,1800.0,4500.0,2.5,203.2716049382716,183.2716049382716
2,B,C,10.0,60.0,10.0,3600.0,2308.9669009436084,0.6413796947065579,35.11297118736381,25.11297118736381
3,B,D,10.0,30.0,20.0,1800.0,1500.0,0.8333333333333334,81.04938271604937,61.049382716049365
4,B,E,14.142135623730951,30.0,28.284271247461902,1800.0,691.0330990563923,0.3839072772535513,80.60154628404119,52.31727503657929
5,C,E,10.0,60.0,10.0,3600.0,2308.9669009436084,0.6413796947065579,35.11297118736381,25.11297118736381
6,E,F,10.0,30.0,20.0,1800.0,4500.0,2.5,203.2716049382716,183.2716049382716
7,D,G,10.0,30.0,20.0,1800.0,3000.0,1.6666666666666667,134.44444444444446,114.44444444444446
8,D,E,10.0,30.0,20.0,1800.0,1500.0,0.8333333333333334,81.04938271604937,61.049382716049365
