link_id,from_node,to_node,length_km,max_speed_kmh,free_flow_time_min,capacity_veh_h,flow_veh_h,v_c_ratio,travel_time_min,additional_delay_min
1,A,B,10.0,30.0,20.0,1800.0,2500.0,1.3888888888888888,1.9022633744855963,-18.097736625514404
2,B,C,10.0,60.0,10.0,3600.0,2000.0,0.5555555555555556,0.40329218106995884,-9.59670781893004
3,B,D,10.0,30.0,20.0,1800.0,500.0,0.2777777777777778,0.5442386831275718,-19.45576131687243
4,B,E,14.142135623730951,30.0,28.284271247461902,1800.0,0.0,0.0,0.4714045207910317,-27.81286672667087
5,C,E,10.0,60.0,10.0,3600.0,2000.0,0.5555555555555556,0.40329218106995884,-9.59670781893004
6,E,F,10.0,30.0,20.0,1800.0,2500.0,1.3888888888888888,1.9022633744855963,-18.097736625514404
7,D,G,10.0,30.0,20.0,1800.0,1500.0,0.8333333333333334,1.1203703703703705,-18.87962962962963
8,D,E,10.0,30.0,20.0,1800.0,500.0,0.2777777777777778,0.5442386831275718,-19.45576131687243
