link_id,from_node,to_node,length_km,max_speed_kmh,free_flow_time_min,capacity_veh_h,flow_veh_h,v_c_ratio,travel_time_min,additional_delay_min
1,A,B,10.0,30.0,20.0,1800.0,4500.0,2.5,203.2716049382716,183.2716049382716
2,B,C,10.0,60.0,10.0,3600.0,2500.0,0.6944444444444444,36.489197530864196,26.489197530864196
3,B,D,10.0,30.0,20.0,1800.0,1500.0,0.8333333333333334,81.04938271604937,61.049382716049365
4,B,E,14.142135623730951,30.0,28.284271247461902,1800.0,500.0,0.2777777777777778,73.76607779044848,45.481806542986575
5,C,E,10.0,60.0,10.0,3600.0,2500.0,0.6944444444444444,36.489197530864196,26.489197530864196
6,E,F,10.0,30.0,20.0,1800.0,4500.0,2.5,203.2716049382716,183.2716049382716
7,D,G,10.0,30.0,20.0,1800.0,3000.0,1.6666666666666667,134.44444444444446,114.44444444444446
8,D,E,10.0,30.0,20.0,1800.0,1500.0,0.8333333333333334,81.04938271604937,61.049382716049365
